y,X.1,X.2,X.3
9.751690438,2.564348399,0.881071323,3
1.908877131,-2.428570726,-0.113115327,4
7.001388202,-1.043619608,1.060821608,1
1.01005086,-1.471492774,-0.753466593,4
13.83307869,1.946472686,2.62090372,1
11.34002366,1.083100066,1.674036133,4
11.2271173,1.865445226,-0.686857541,5
0.776103676,-2.629107066,0.459010738,4
-2.795777521,-3.14310656,0.704474666,3
8.61565797,0.291160489,-1.886789275,5
12.92212017,3.660855376,-1.715350532,2
2.108415114,-2.403285874,-0.739552036,1
9.086847214,1.644072162,-0.493409614,5
12.74770097,3.242146814,1.484850755,4
6.548494535,1.963651156,-0.536463473,3
6.632273791,-0.897311792,2.51857633,4
-0.348400633,-3.354265479,0.202083975,1
4.074898439,1.508497797,0.333077926,3
13.3605885,2.027795149,1.734773811,2
1.370863037,-3.595438945,2.399927345,1
7.366780035,1.699926564,0.806870516,3
-1.336489976,-2.938999565,0.310898695,3
-1.371342283,-2.483045116,-1.313747133,3
1.674190633,-2.425574699,1.904879505,3
3.849549708,-1.946090612,-0.937514696,5
11.08975045,3.081177606,-1.897473259,2
15.30755263,3.074779256,1.729505783,1
9.715053267,1.121471794,-0.133942795,5
2.983527211,-1.179811246,-1.428494971,2
10.50005304,2.179510131,2.081784897,3
6.793714857,1.95772932,0.404500165,3
0.94498025,-2.495538553,0.574689692,3
5.971877841,-0.29458126,-0.745295062,2
1.890998628,-3.039962874,-0.150872241,1
8.619003578,2.787340433,-1.334050848,3
-0.208296892,-2.620542279,1.533512702,3
-4.630030576,-1.869121632,-0.878260253,3
-3.407719955,-2.436208875,-0.80327915,3
2.456441769,-1.026530847,-1.669585696,2
0.51197418,-2.171733859,-1.626156768,5
0.10532036,-3.121762649,-0.419372672,4
3.179240257,-2.015462582,-0.629917214,5
4.17638519,-3.343275092,2.695494637,2
2.971896917,-2.921867283,2.199507642,1
4.437298991,-1.923744896,1.211482951,2
9.390657464,2.333949728,0.200857329,2
2.741963679,-2.644199308,0.06242995,1
13.28805423,1.688781875,-0.040547927,1
8.785158935,2.21686029,-1.871558273,2
7.42984513,2.077357247,-1.069800251,3
1.166580825,-2.292722184,2.102149195,3
9.890355568,2.411524727,-0.482110767,2
2.40534529,-1.971007186,-0.583253431,5
1.540110458,-1.751878047,1.417690925,3
1.459875548,-1.806675707,-1.178623888,1
15.98873837,2.493723132,2.322782524,1
0.825124888,-3.45224642,-0.994267193,2
9.356536646,1.342551999,1.739348229,2
12.58799147,4.263639074,-1.643231102,5
6.03069531,-1.958476882,-0.172858128,1
2.730091589,-3.201661641,1.351907907,1
10.43547518,0.545113989,0.525965613,5
2.62331663,-1.773875376,-1.631918102,2
0.830088457,-2.254833428,-1.281060605,2
0.97089153,-2.596641678,1.352276776,4
4.114534933,-1.226222847,0.579309937,1
-1.340012688,-2.006086632,-0.001275926,3
4.334682401,-2.559388029,-0.056902566,5
2.197801946,-2.814309066,1.066740289,2
1.804956343,-1.636760014,-1.203658114,2
5.647274476,-1.291374257,0.324130093,4
1.043548222,-0.636482744,-1.293351725,2
1.30190014,-3.001803426,0.410009148,2
2.064836118,-2.490567572,0.564178521,2
16.39999523,2.952515127,1.882528738,4
3.901735504,-1.89009324,-0.035715003,5
6.078774193,-1.34767953,-0.501038846,1
-2.208914535,-3.496676278,0.495987695,2
2.630450861,-1.318239724,-1.067618471,4
3.959336068,-2.453686846,1.067440491,1
12.84674977,1.33520935,2.425434323,1
1.958906432,-1.877223856,-1.544008308,2
-0.860994008,-0.642437488,0.345547786,3
15.19072182,3.088176766,2.953026337,5
3.848644847,-1.76005383,-0.024430047,4
4.331571142,-1.289575355,-1.21819941,1
-0.349479413,-1.912850594,1.007298319,3
5.972176327,-2.211083337,0.869815624,1
6.13849885,0.545404839,2.172918351,3
11.01143166,1.053851023,-0.569319189,1
2.602945297,-0.88394537,2.840274714,3
4.687465731,-1.210285111,2.495219419,4
7.862437648,2.541814016,-0.098865652,4
1.65452615,-4.491928623,1.800510959,5
11.31499229,3.143970579,-1.614857174,2
-0.659382177,-1.813973189,-1.916480341,2
10.23793478,1.612098856,-1.276803412,1
2.113508737,-2.286526481,1.961577557,3
2.914343678,-2.368202772,1.861500809,4
13.47893575,2.687555621,2.784742641,2
11.96814428,2.196632804,1.708535115,2
12.45030267,4.013568281,-0.181792557,5
5.189422925,-2.519501775,1.238240333,5
5.550353833,-0.89705687,2.627297277,4
1.77715339,-1.962572492,-1.776869291,1
-2.648801474,-2.710937272,-0.949008542,3
1.543555056,-2.725464529,0.275330449,5
5.092236645,-1.295123389,-0.273134771,1
10.41533853,1.784346631,0.725460873,5
13.58883928,2.761391585,-0.025439377,5
3.26819979,1.571873538,-1.156179596,3
12.16719306,1.876576504,2.388341017,4
11.73300681,1.711310898,1.52046614,1
0.316733531,-1.656758658,-0.45649351,3
2.609014604,0.209794647,-1.006397648,2
6.902735724,-1.349591515,2.629704213,4
-1.690660138,-3.99136357,2.682792999,3
-4.174456091,-1.46139541,-0.48188701,3
-2.755896702,-2.01797304,-1.449813024,3
0.261152145,-3.047499788,-1.282736985,5
7.005672206,1.896565778,2.394174033,3
7.663745502,-0.379997577,1.404589476,5
4.678274941,-0.461249459,0.210366327,4
0.653649367,-2.067568172,0.175935059,2
14.61303679,2.60158352,2.816434392,1
2.014196653,-0.737123523,-1.999541288,4
3.714517672,-1.749011368,0.032686729,4
-0.403709441,-2.64055382,-1.326906011,2
5.209930621,-0.196672792,-0.454139053,2
1.848164723,-2.838919589,1.037300124,5
0.820520428,0.310018577,-1.458901035,3
10.78323894,3.080768997,1.499777352,3
-1.671658317,-2.025267253,-0.766132378,3
4.559527698,-1.768272085,0.446432804,5
16.04967406,2.025078713,2.500279706,1
11.78261092,0.915555875,2.552101132,4
5.234977509,-0.829202286,0.499775602,4
13.94309268,2.126358515,-1.449066491,1
-0.779056836,-2.097518059,0.6809325,3
6.266830979,-1.199607194,0.317333533,1
11.77805459,2.521041038,0.053892916,1
6.812596346,-1.524673763,-0.963794686,5
4.772992285,1.026561712,-0.539072656,3
10.72998805,2.910422307,0.703532601,3
6.108018287,-1.78794508,2.534490752,1
-0.336715455,-1.346836178,-0.035760494,3
11.1820542,1.621271842,2.981934642,2
4.465588538,-1.650105604,0.256199399,4
10.87077674,1.716041315,1.778006847,4
-5.643476117,-4.501366918,-0.666756144,3
5.695366906,-2.25897624,2.579570417,4
8.114083543,-0.49552454,0.210433212,1
5.03502189,-1.197001702,0.624770321,5
15.66144195,2.002309508,2.946939026,1
-5.671594267,-4.356453311,-0.1680642,4
0.556655566,-2.795518563,-0.621027024,5
6.054969595,1.816651625,-1.384175946,4
4.496317893,-1.55792802,1.136803732,5
-2.009016226,-2.187575276,-0.477244839,3
11.47134722,4.260821544,1.317070717,3
6.415621007,1.959228206,1.005015646,3
8.023614385,-0.491672663,1.80842767,5
9.208075921,0.780160906,-1.243907944,1
12.97615637,4.05985608,0.336371629,3
0.931215773,-0.713113821,-0.716994507,3
12.46295279,1.497937189,2.798255097,2
4.016635786,-3.344789444,2.748955024,5
5.525948385,-2.467525912,2.255200212,4
10.49197285,2.702972334,1.907729759,4
3.031579521,-2.140899642,2.791804093,2
6.501181578,-2.018839924,2.264031805,4
1.848414377,-1.806959558,2.862415964,3
2.702601772,-2.038339054,0.873003805,4
5.240013781,-1.503727866,-0.56035349,1
5.219234531,-0.609623693,0.354155912,1
9.246835449,1.348276979,-1.108716887,4
1.926631993,-3.493614249,1.358766348,2
3.679671253,-1.984227701,1.818604477,2
12.82537309,4.323895273,-0.277181998,3
-1.068791804,-2.490917484,-1.16182903,4
6.939273248,0.614925772,-1.787548189,2
5.207196601,-1.376204856,0.960520162,4
11.35046031,2.854574583,-0.701791994,4
0.768463108,-2.457975504,-1.412165182,1
3.743011067,-1.511508954,0.83128122,1
6.145701844,-0.316560565,1.021516966,2
12.50587641,1.387477599,2.343938507,5
10.33880169,1.955807068,-0.232345203,4
1.732856255,-2.403913418,-1.867442665,5
14.99478825,2.849542556,1.648892039,5
0.919283418,-3.27245612,0.602133193,4
1.654080103,-2.168821379,2.681253625,3
4.563055406,-2.4745041,0.505271387,2
7.793281219,1.473208532,-1.511297009,2
2.568247886,-2.596836756,-0.008719228,2
2.24246121,-2.213534822,0.567369385,4
5.773513049,-1.568100013,1.074016814,2
4.616493922,-1.281918433,-0.78580865,1
4.788620417,-0.589660248,-0.107491347,1
6.526961875,-0.873803476,-1.725462592,1
-6.520472893,-3.813123102,-0.367576371,3
6.193959278,3.054741995,-1.508478027,3
-0.119376088,-0.796280101,-1.525236534,3
11.01120706,0.118052975,1.953413498,1
8.086437948,0.335734122,2.365152685,4
3.065223277,0.585716154,-1.438682948,3
-0.137606905,-3.712043278,-1.574052697,5
14.35844871,3.003621484,-0.501910939,4
5.54149025,-1.111638148,-0.8889972,1
-6.413451694,-3.676798001,-1.060022457,3
4.733468543,-1.515253709,-0.527013533,5
15.48329867,2.316285873,2.991813417,2
11.52335129,2.239069717,0.244319111,2
5.586755809,-2.70059471,1.735878767,5
10.26929243,2.41444098,-1.167105383,5
3.843960283,-1.434982134,-0.625743439,2
12.09898191,1.920548348,-1.729177721,1
1.650912573,-0.237341335,-1.630240174,3
4.637283895,-2.085141599,-0.820356028,5
1.740091412,0.780260725,-0.344239687,3
14.34317293,1.831911177,2.965961215,4
11.43456316,3.032447231,2.827452787,3
7.126543476,2.668354205,-1.046347089,3
-0.224831173,-3.107313967,-1.413445322,4
10.80004102,3.510072888,1.558851836,3
4.671578515,-0.081301295,0.004232499,1
13.97598292,4.434004349,-1.300511902,4
1.412487015,-1.573869019,-1.548967116,1
4.592386304,-0.809753853,-1.550695074,4
1.860030033,-0.561415349,0.260693959,4
1.249418554,-1.11729372,-1.142471055,4
10.46442546,1.922515566,-1.696551283,4
13.90974442,3.438954938,2.841820605,3
-1.29488411,-3.149353702,-1.975995847,1
13.30081253,1.674073542,2.228025518,1
15.919093,3.113678756,-0.079353689,5
2.600543371,-3.066318898,2.689042934,3
2.322154054,-2.391756557,0.195417191,2
4.003507319,-1.965669097,2.191161363,2
3.298223398,-3.44013752,1.355376908,2
11.45034712,2.311543425,-0.046750611,5
11.36076223,2.421613303,-0.592438145,1
3.18184543,-1.496349525,-1.463071435,4
14.61943427,2.15614391,0.878381853,1
3.563004654,-1.314934406,-1.552143046,5
1.946599556,-1.677330291,-1.762070242,4
1.011417319,-2.03393673,2.182872321,3
5.685768819,-0.124939747,0.984008096,5
6.36812754,-1.110388433,2.700622598,5
4.185619879,0.028382776,-1.468472278,2
3.103247384,-1.701606869,0.948233213,2
-0.851160131,-2.04922843,-1.250727525,3
4.88594674,0.63859113,-1.529250473,1
4.74038969,-1.06955987,2.867764399,4
4.296320286,-0.915979271,1.688952178,3
4.230123702,-2.212404285,2.156029625,5
2.597359101,-1.974279626,-0.319959473,4
1.120288219,-2.306075816,0.694067569,4
2.924241021,-2.539080722,-0.808714609,5
6.969043029,-1.500418735,-0.721546921,5
12.86180721,3.174904629,-0.246356793,1
2.611447011,-2.273417095,2.46782945,4
4.246263204,-1.318296608,2.270724508,4
1.698733491,-2.816561783,1.131302129,2
-3.985440006,-1.522146769,-1.244932634,3
4.487863453,-0.791132746,-1.27439974,5
-1.076125896,-2.747414198,-1.503789056,2
2.097481144,-0.819343927,0.527950171,2
5.423771305,-2.876848064,-0.224950341,5
-0.134961198,-1.281649306,-0.562851418,2
-1.292557535,-0.594107539,-1.555735224,3
6.620690208,-2.831975463,2.99430246,5
4.9286454,0.328821575,1.849090454,3
13.2977981,2.809155049,2.144657132,4
-1.034520029,-2.729276617,-1.039731299,2
12.01708881,3.418563133,1.787828552,3
2.079441079,-3.128720213,0.445453452,1
5.902491919,-2.949091321,0.875974213,5
4.433675679,-1.648740226,0.306967197,2
4.627976207,-1.354161175,0.881397097,2
0.026560804,-1.806068847,-1.178949057,2
7.399248578,-1.36327716,1.842465617,1
4.234707307,-0.535682872,-1.996811601,1
8.81921343,2.468917409,-0.897474204,4
1.992213375,-1.462760067,-0.866110075,1
8.899748,1.916376473,-0.236187743,5
11.25225717,1.289475902,2.122307646,2
9.390651857,1.357803871,0.596405805,4
0.944413397,-2.664137344,0.189514982,4
14.42286994,2.663706212,1.196523357,1
10.16940351,1.915166503,0.61692996,3
15.1066012,1.775364157,1.88164127,5
7.558939798,1.107496907,0.379895141,3
2.944803168,-3.041914325,0.673280198,1
10.29461519,0.566209387,1.674590025,1
5.278288313,-1.944054715,-1.008217482,5
3.353437616,-1.710344363,-0.687426725,5
8.613991637,1.382282904,-1.08507164,5
5.324624131,-1.584057152,-0.055821199,5
6.041609647,-3.014050893,1.853962487,1
3.267060876,-2.862229713,1.649629946,5
0.258461159,-2.690914033,-1.754979265,2
2.234102958,-2.004292147,-0.596143406,4
5.792191088,-1.182466032,-0.374028421,2
13.64527498,2.124467174,0.790197365,4
10.19052824,1.535598314,2.083143264,4
1.392074313,-2.322139983,1.119310139,2
0.698389052,-2.412582685,-0.90018894,5
12.86607643,2.052150681,1.989006561,2
9.207198849,1.695329741,-1.789362841,4
3.250931948,-1.978964611,-1.675114307,5
1.749770662,-2.231827178,-1.93285776,5
5.055286875,-1.08603758,-0.642480962,4
15.82496449,2.472840432,2.981705622,5
8.214918987,0.648566415,0.613565439,5
-3.705608189,-3.858455725,-1.12054652,2
-3.13494891,-1.740793676,-1.464508089,3
6.874790827,-0.523030892,2.670364623,4
7.140434963,-1.873502807,2.062890124,1
1.123887484,-4.35007469,2.956648774,2
8.309056111,-1.272086717,1.928953481,4
2.376465536,-1.59213782,-1.982981018,2
7.641175358,-1.253931189,1.807684014,4
14.4100065,2.712550464,-0.214071747,1
2.441272271,0.02414468,-1.923673905,4
4.030539434,-1.774365257,1.682524104,4
6.277982746,-0.535470008,-0.599930787,1
6.193506356,2.016153053,-0.423763759,3
8.371300215,1.293854439,0.51441812,2
13.06414145,2.326032899,1.190349308,5
10.00264476,1.569547829,-0.912497809,4
2.905879499,-2.163522586,-1.289898444,5
1.760330264,-1.684440553,-0.37927325,2
-6.844586848,-5.157564104,-0.013352694,3
0.251426204,-3.125783304,-0.136755798,2
5.863112658,-2.457038979,2.096991156,5
-0.321573615,-0.967784454,-0.468864346,2
0.238286946,-2.51333489,-1.605060171,2
1.960980662,-0.982331632,1.972107942,2
14.05878368,2.868086169,-0.322745872,1
0.821299047,-2.252973253,-1.930973476,4
7.631702662,1.621200792,-1.610284942,2
7.396822327,1.42314605,1.773882339,3
14.53503363,3.659475384,1.532815127,1
15.2886837,1.209893532,2.581413573,5
5.968250266,-1.359638207,1.557633171,2
0.55435035,-2.84660223,-1.52482895,5
2.868861718,-1.886200338,-0.956287999,4
1.727269491,-2.240408416,0.078864536,5
-6.58778202,-3.637439149,-1.01198643,3
3.608162743,-2.169243329,1.043889642,4
4.481101187,-0.233488536,-1.801212865,4
6.453220393,0.842030873,2.130794628,2
5.805739772,-1.79630584,2.53231374,5
10.72242444,2.097797716,0.679262048,1
-0.116378596,-1.548634718,-0.831855186,2
13.01195487,2.160765762,1.64287565,4
6.747919732,1.722235367,-1.345021559,4
3.192966224,-2.998543572,0.004708323,1
4.788507653,-0.585397454,-0.396574324,4
2.092300815,-2.160655108,-0.755862004,5
3.397395089,-1.151166209,-0.328866828,2
6.625083172,-2.68392538,2.211623587,1
3.451183023,-3.661248999,2.073330566,2
5.605496146,-0.449576133,2.06122872,3
9.70517221,2.362385912,-1.214757557,4
2.256703425,-1.485954678,-1.125224042,5
7.161823411,3.556696226,-1.810605657,4
13.49340989,3.325606557,2.776513221,2
8.290744293,1.319887938,-0.105996069,2
-0.446913753,-2.609390579,-0.074912013,2
1.859859333,-0.642341814,-0.416079283,3
10.73174491,2.132297476,-0.269696103,5
-1.958953376,-3.077654029,-1.950709637,4
0.680313211,-1.191422345,-0.398405057,3
8.792734703,2.860988605,1.501827008,3
1.552502842,-0.911674551,-1.874777733,3
12.58860381,0.833340999,0.948630628,5
3.745546521,-0.31748243,0.779112818,4
8.406429333,0.656745296,0.242527407,2
4.291795956,-2.245023455,0.229515236,4
-0.076668694,-2.663055673,-0.81734494,4
3.271422602,-2.533009608,1.881586716,4
4.520150061,-3.315043146,1.507858209,1
5.66136631,-0.858350318,1.564561475,2
4.183419116,-1.314861723,-0.723148891,1
18.32951445,2.583748322,2.844237597,5
1.979572913,-2.497470344,-1.873220104,1
5.266869904,1.902851053,-0.189242154,3
14.1538259,3.105949075,1.614684861,2
13.30734183,2.852304475,0.804041192,5
3.637512548,-2.183473961,-1.367757052,1
9.1353971,1.282600003,0.612739684,4
12.1138956,2.821409188,-0.813903453,5
-2.520684585,-3.192317285,-1.732481022,2
5.294562106,-1.413947305,0.366788533,5
-1.581695263,-1.85124111,-1.729052706,2
6.028202422,1.537151502,-0.51436481,3
1.270177696,-1.302874641,0.628627969,3
8.978108527,0.61644387,0.497521533,4
2.029512798,-1.4011879,-0.874790343,2
6.594852428,-0.441704864,-0.525356457,5
5.315676231,-1.789873295,2.184199546,4
9.329911394,1.310217031,-0.065676449,2
11.11564228,1.110495648,0.098336195,2
-4.598539963,-3.104265739,-1.665899491,4
5.118387132,-1.171379418,1.440310318,1
4.35026217,-0.109969643,-0.78315162,1
4.908260996,-2.235662573,0.741893969,1
-0.173753372,-1.72340134,1.163970702,3
12.6966552,2.928441104,-1.455001018,5
-0.707605213,-3.104293364,-0.262944751,4
-0.851885369,-2.335711442,1.527265274,3
5.020296498,-1.605270703,1.82467435,5
6.679730098,0.034259039,-0.011695246,4
3.45810512,-2.315641503,-0.582304936,1
0.588484628,-1.203877816,0.843948884,3
15.84145282,3.362892098,2.012745618,4
-0.016258693,-2.130200773,-0.308748321,4
-4.476857312,-2.168684681,0.085920094,3
0.933437626,-1.949521325,0.241394888,2
13.16426143,1.425152581,2.183163185,1
4.467061751,-1.999382831,0.733843569,1
8.362357961,1.591473393,0.451119513,2
8.227203306,1.954524315,-0.030405252,3
11.5351156,1.816005998,-1.146381792,5
2.039315844,-1.633197026,-0.862820591,1
3.729799005,-1.0238496,-0.927997694,5
5.557738912,-1.420517359,-0.067632572,5
3.215032808,-1.570246195,-1.510169954,2
6.151994801,-1.882753904,-0.285059403,5
0.992868802,-1.706943694,-0.013806298,3
7.277980432,-0.967226655,0.047508477,1
4.848974076,-3.218448155,2.319175583,4
6.748771612,0.986267978,0.137670419,4
-0.243671053,-2.818017645,-1.444596303,5
4.810699641,-2.217399252,1.499905922,5
12.16343617,2.442729107,1.645820583,1
8.344612064,1.534679094,-1.108553216,5
2.644411368,0.604943404,-1.402279826,3
-1.324034165,-3.274296799,2.097892343,2
3.947941139,-1.124804985,-1.238322238,1
12.37135228,2.569302495,0.621464068,1
1.535762366,-0.995757933,0.68959005,3
2.309393091,-2.038097884,-1.021474925,5
4.520296922,-2.233474416,2.666317168,5
10.20741248,1.824447452,-0.777743529,5
5.390888193,-2.13625617,2.831356045,1
-0.79814188,-0.766398984,-1.275003673,3
4.150225953,-1.994034409,-0.270554041,5
9.928355716,-0.615783641,2.533900989,1
8.010257167,-0.59423384,2.078905525,4
6.351937642,-1.542538332,-0.820008232,5
0.792911842,-2.430520366,-1.401732567,2
4.596286809,-3.075428258,1.961180646,2
6.760635429,0.685871977,-1.451809891,5
7.769056524,1.555381544,-1.429102337,5
1.778349489,-1.738346077,-0.885312489,5
1.91495003,-1.972667063,-1.35033236,4
4.7887827,-0.968009804,-1.545632671,1
-0.07096352,-1.57701045,-1.22549734,2
2.307262984,-2.008887321,-0.72750895,5
1.208635101,-1.147820414,-1.520816503,2
-0.4500938,-3.110105368,1.554320416,4
14.40742291,2.908770896,2.512714528,5
15.11511914,2.55240505,-0.108166985,5
-0.316325681,-1.355881144,-1.426610566,3
0.578622034,-1.405856511,-1.145308938,3
11.12061821,3.123230846,-0.308735393,2
5.654384275,-2.071727811,2.449524535,5
11.7405483,2.187019299,2.816543412,3
12.81480098,3.560091561,-0.33676394,4
5.890895837,0.102787973,-1.215202314,2
6.049542952,1.615521222,-0.181976571,4
3.728708792,-1.414007979,0.944133272,3
13.58805433,2.390405605,1.011205049,5
-2.25438672,-4.35971046,0.796348713,2
6.854014233,-1.002689872,2.686065337,4
3.882748036,-0.827664742,-1.482530833,2
6.492762543,-2.20683665,2.768966542,4
4.059180464,-2.47135761,0.475608209,5
4.604960891,-2.410341836,0.621306236,5
-5.02420527,-2.964628772,-0.444080567,3
11.53691883,2.401523,0.392098526,2
9.134632331,0.773437158,-0.244162701,4
-2.183249328,-3.272192979,1.158236708,1
8.375454142,-0.211363294,1.564493366,5
-4.071878451,-2.365686505,-1.713211531,3
12.43299159,1.708318864,2.548080316,4
9.17305502,1.977587915,0.051942328,2
-1.881095656,-2.634472811,-0.819092616,2
12.43801405,1.538665438,2.389645919,2
1.231235919,-1.585401359,1.037634029,4
7.014747793,-1.110938623,2.698799286,1
3.919631209,-2.454193447,-0.200015423,1
-1.30626518,-3.599325297,-0.850854655,1
1.009266146,-2.959300573,2.53139136,3
6.460764799,-1.861556956,1.364189748,1
1.409081668,-2.647220554,2.382282003,4
3.781983882,-1.086392111,-0.755107573,5
10.07915397,0.934818347,-0.880199068,5
14.98920663,1.472508131,2.683942131,5
5.297444976,-2.181486259,2.022650054,5
-0.407174612,-3.471605321,-1.222156282,2
5.284782873,1.186406688,1.205681954,3
14.95557147,3.631900967,0.719878325,2
11.8196121,3.460246173,-1.894524505,4
8.956510896,1.897882387,1.810659853,2
4.519323024,-2.113646833,0.10184087,5
18.06252643,4.450072682,-0.137742179,5
-1.552808056,-3.341000574,0.289573002,3
10.9837485,1.938615935,2.278511595,4
11.68874023,1.810347692,2.901778431,2
0.797769539,-3.715364826,-1.699607056,1
6.235936913,-1.596010298,0.39689781,5
4.174571956,-1.027954819,1.139977949,4
4.300469638,-2.182669261,0.730706785,5
3.409809794,-0.246487117,-1.067882132,3
3.622949543,-1.498397983,-0.753294526,1
4.537036245,1.12416419,-0.970886295,2
3.404549005,-2.292746579,1.077962353,1
14.5516315,2.817526156,1.299386339,1
-1.240232841,-3.143198396,1.130683203,3
7.618750582,0.830423869,-1.935482821,5
13.54532876,2.408497322,2.963802999,2
12.76954935,2.61867896,1.70969682,1
9.043916408,0.759998916,1.767283098,2
10.91293696,3.066138915,-1.980093425,5
3.839050705,-2.58536846,1.630154839,1
-4.043424227,-4.005150344,-0.054371644,3
10.92004357,2.82469367,0.748927957,4
5.834424101,2.899181829,-0.944213565,3
-2.212700553,-1.643043602,-1.24404477,4
13.82186236,2.146736773,1.671450925,1
8.74142942,-0.155627995,0.865697637,1
5.315114504,-2.247996973,0.601854265,5
7.377629075,-0.04797211,1.074634874,2
10.40637675,0.155178374,2.04079559,5
0.685415533,-3.150140332,0.32531758,4
0.730785034,-2.95940163,-0.784011095,5
7.931506672,-1.384012471,1.737371734,5
10.38436439,1.464527132,1.23483465,2
-2.713206513,-3.043340834,-0.59155184,3
3.349987574,-2.442438979,0.257420449,1
14.39117662,2.290286225,1.473838979,1
1.175210477,-2.570677718,0.182985035,2
10.69724534,-1.082598332,2.884406966,1
9.658599589,1.433772137,-0.002562505,4
16.9584023,4.248548021,0.032041277,1
12.70633765,2.123704245,2.792930955,4
6.538190811,-0.6157817,1.210176781,5
9.87371423,2.307040882,-1.103085381,2
-2.43787365,-1.822331517,-0.949266431,3
-1.746891917,-2.648561905,0.632489636,2
-0.601088181,-0.930632485,-0.494059261,4
-3.026932066,-2.470280732,0.911589505,3
9.368528912,2.469738958,1.457613534,2
13.5389198,2.135625888,-1.4069775,1
6.022318305,0.235242374,0.806873977,4
5.001316982,-0.892092635,1.706948943,4
1.494458532,-2.641354317,-0.874300553,4
6.424177616,-2.154523073,2.407490537,5
13.62162614,3.040303408,-1.566073884,1
1.514456876,-1.068273729,1.073266039,3
6.898636183,-1.688259126,1.756000844,1
9.166087607,-0.233171558,2.024998067,2
-1.506678658,-2.555442013,-1.241270209,2
10.31690272,0.185662746,2.959233084,1
0.988565345,-2.649999896,-1.241382522,2
9.8764229,1.221981959,-0.231263249,5
11.14134508,0.947937326,2.83361347,4
-0.973460476,-1.916257348,0.182656371,3
3.392369744,-1.757092891,-1.877789877,5
6.7509178,0.409750388,1.34726581,4
5.837248543,-1.311270015,-0.208202459,4
11.22176039,0.625526417,-1.326584107,1
4.83099848,-3.178575056,0.797824793,1
2.839427649,-2.634464139,0.684977292,1
4.679571235,-0.950046284,-1.27148981,5
12.23874489,1.348297473,-0.99544369,5
4.187833962,-1.847839336,1.601915578,5
4.412809922,-2.745564195,1.815007035,1
6.121908313,-1.855840986,2.734841207,1
5.022232388,-1.263410925,1.37363568,1
15.42388327,2.119106113,0.161181225,1
4.054886691,-1.266852248,-0.122178365,5
1.815502685,-2.860923316,-0.850429447,5
13.87557761,2.680386464,1.827247194,2
3.819091688,-0.982774628,-1.245622032,5
9.674631687,1.46800839,1.741501697,3
11.33915186,2.699371525,-0.914110701,2
5.309491051,1.924781787,-0.943526739,3
3.242969861,-1.213028614,-0.88427561,4
6.061006867,-0.342567976,0.952540657,2
16.13559571,1.287666099,2.740668884,5
10.11316253,-0.234296014,2.338639436,5
3.675436959,-1.879650734,1.650476378,2
2.571907735,1.148082185,-0.477333919,3
5.396283217,-1.950550697,0.555934159,1
14.76015811,2.817730884,1.270831169,1
8.78120067,-1.315087459,1.462120889,1
2.804268195,-0.684744988,-1.013121481,2
-1.473754195,-2.052147947,0.985384569,3
9.671690355,1.503019338,1.931004636,2
1.824338365,-3.620185583,1.981046652,5
5.296176013,-2.03700764,1.125947368,5
15.69938884,2.984473775,2.174648703,1
9.566598955,1.817501818,1.797090502,2
8.953488839,-1.061585436,2.278717816,4
2.040368379,-1.966108155,-1.044820038,2
3.749659993,-1.872503341,-0.763419192,2
-2.273260963,-1.228213636,-1.726550173,3
4.221618465,0.343285364,1.688499947,3
-1.290588477,-2.421548543,-1.897298294,4
-0.577330239,-1.45438791,-0.64195146,3
-0.630650359,-2.4556652,-0.557206007,4
10.58724437,2.013438394,-1.789778604,5
4.244285039,-0.686907846,1.701184283,4
-0.378036611,-3.58516797,-1.89464057,5
13.76121394,0.84848424,0.980194662,1
0.558782106,-1.42963426,-1.940005263,4
5.162450585,-2.085205085,0.691732898,1
3.876418899,-0.876834805,-1.529988624,4
3.069493374,-0.779116793,-0.138991061,2
3.24796283,-2.883935309,-1.488089681,1
6.583223165,-1.675210861,2.627323484,5
4.10247808,-0.308140516,-1.785648339,4
14.73018713,2.99862594,-1.24406545,5
2.3726582,-1.686992054,1.059413781,4
4.994051589,-1.595503917,0.306891888,5
11.85345815,2.091328862,0.674286044,2
2.557758552,-2.209965348,0.375624494,1
7.230291069,1.60798206,-1.831740767,4
1.62774343,-1.235368995,0.436032713,3
2.77542831,-3.094885034,1.580962062,1
7.374999219,2.648977236,-1.997225638,2
8.719319112,1.473927068,-1.264547747,2
10.17969834,0.966500195,-1.220145886,1
7.88883136,-1.57059326,2.680138485,1
3.212732253,-3.335042128,1.504670694,5
4.668068643,-0.284345028,1.137150115,2
-3.336911884,-2.302893853,0.48780879,3
5.951543065,-1.17890963,2.585060509,2
0.264343537,-2.858806305,1.790017108,3
8.734247559,1.920661577,-0.115655222,2
11.03721966,0.6271343,2.310896504,4
-0.515520354,-1.806285837,-0.62079576,4
12.32623769,2.751298932,-0.269840732,2
2.443641232,-2.35421461,-0.761365985,4
1.620601316,-3.08369239,1.639219567,4
7.298853873,-1.709932525,2.288522663,5
1.276576801,-3.069109891,2.096290888,2
6.108577303,-1.452255349,2.486061782,4
5.396985662,0.996116364,1.646263841,3
7.26329401,2.762096584,-1.754196112,3
16.09143818,3.516522649,0.954449824,4
7.926314293,0.221266672,-0.762645883,4
12.93794103,1.904949984,1.982119499,4
7.02183924,-1.440163091,-0.61590207,5
12.87855973,1.512322962,2.97607337,4
6.968189574,0.860609914,1.337393973,4
2.303022746,-2.092411812,0.045340226,2
-2.575863849,-1.812961518,0.640104349,3
1.664671982,-3.402130788,2.211625358,2
5.854190314,-1.721528732,2.180544758,5
1.612077104,-2.430175602,2.088938963,2
10.67564326,2.204140068,0.375236329,4
7.928783433,-0.447575387,0.06401489,1
1.87712836,-3.921015791,0.999673894,1
0.378143528,-2.264605004,-0.012964842,2
12.23433484,2.094453142,1.358694733,1
3.042241642,-2.444495184,-0.08114755,5
12.89551232,2.801369939,2.337242481,2
-2.842757681,-4.250505098,-1.658617864,4
6.496508056,0.803118643,-1.720228554,4
1.516224992,-2.018875478,1.312129778,3
10.58933326,1.871022192,0.734222728,5
11.9013544,1.473556919,2.595907654,3
11.1333847,2.852170363,0.949221362,4
9.533350758,1.386248497,1.318241454,3
12.23512074,3.530498523,0.866686677,4
11.15399604,3.137264818,-1.820752013,4
11.19426423,3.673320819,-0.963481602,5
2.845127532,-2.353917358,0.561855862,5
5.171915264,-2.977602608,2.974696692,5
2.289433988,-2.58599085,2.142101818,1
-2.844261737,-2.650724508,0.180917263,4
5.593946308,-3.197198754,2.784009799,1
10.68777595,2.44396976,-1.151922963,2
3.828709948,-0.435609352,-0.213739634,1
15.2967611,3.352752198,1.423319845,5
13.88273944,1.948915329,1.461039751,1
9.034038104,2.275966267,-0.55535654,4
11.12630294,1.153394626,2.986983307,4
7.569349758,1.509207008,0.184078036,3
1.077350776,-3.005303334,-0.145799768,5
11.43505328,2.489760889,-0.705443323,1
-6.423278545,-3.112695931,-1.181316568,3
13.00841382,4.189398045,-1.925613306,2
11.62993916,1.833745329,-0.839891402,5
10.68267208,3.098326852,-1.04853598,4
13.77984935,3.616199181,0.342978331,1
5.657969993,-0.352409809,-0.894200652,1
4.033570538,-1.395975856,1.313017784,4
2.964776588,-2.675418702,0.02209397,1
-3.304410623,-2.16269279,-1.111066922,3
2.378723939,-1.284151645,-1.104110133,2
8.457678097,-0.746639468,1.973381257,2
4.921503688,-1.518072574,-0.453990931,1
1.700882749,-1.233178346,-1.678026481,2
8.731679005,3.207155785,-1.439965863,3
-3.262486518,-2.921148504,0.129060578,2
11.22399265,2.427697362,-1.202387033,1
1.570737691,-2.496604386,1.339148331,2
11.07315529,0.062200579,2.237357758,1
1.382131364,-1.827335653,-0.446132173,4
-1.087745088,-3.041319486,0.423856374,4
8.464383747,1.265132333,0.400771239,2
3.968826007,-1.065903297,-1.75255133,5
13.94149913,2.496390547,0.486922338,5
5.211104714,-1.196162792,-1.238249634,1
0.283618595,-0.212291166,-1.637822047,3
6.551232152,-1.759636553,0.651660638,5
-1.144229531,-2.165242548,1.080965345,3
0.331505725,-1.089264771,0.874065078,3
10.28486137,2.225883292,-0.237266412,5
-1.166657952,-3.876601721,-0.44929765,5
8.320540486,1.459518497,1.606269223,2
5.500281617,-1.844023944,0.671809321,4
1.752376318,-1.9772535,-0.515598554,4
1.179317241,-2.502303397,-1.029272071,4
5.44223431,-0.865862362,2.391523416,2
1.433669565,-3.027676672,2.768071336,4
3.878489128,-2.119236545,1.258748791,4
8.609647575,1.447455766,1.54452363,3
3.019064315,-2.470834568,1.891663791,4
2.849610773,-2.528396028,2.006744486,1
12.9133644,3.591956256,-0.950546996,4
15.34690929,1.87176958,2.236959723,1
8.692032276,0.955571791,0.589461447,2
3.036674689,-3.888316819,2.831343882,5
17.04023389,4.207586207,-0.307953426,1
-0.264052574,-2.759298853,0.15887816,2
1.545296256,-2.32314388,-1.259427735,1
7.721916248,-3.144994894,2.813667216,5
-0.099224505,-1.967487544,-1.138427561,4
-1.179934591,-1.976608431,1.821589211,3
3.20606925,-0.560781996,1.804610556,4
3.370485642,-2.602894325,0.698361818,1
5.210024622,-0.784955808,-1.291154501,1
3.12645765,-2.540769637,2.475657853,2
7.285079878,0.317900365,0.067347638,5
11.86420514,3.923070737,-1.509264543,2
6.505520736,1.000630185,-1.429343833,4
3.377747447,-1.828860792,2.460983754,2
-0.42746283,-2.916972278,-1.820624783,4
2.916374189,-1.638510534,-0.583909201,1
-1.119897168,-2.866529303,0.719875077,3
2.416330649,-4.53908426,1.504641572,5
3.07663194,-2.455407617,0.161953197,1
15.53401441,3.613050002,2.315011284,4
11.88413071,2.356903305,2.175472128,3
11.40315694,2.240613046,1.767787552,2
14.63939412,2.479123267,2.570391879,2
7.90730372,-1.079026068,0.945324774,1
3.095766182,-0.827605374,1.965002473,4
2.361148285,-1.448681389,0.416146786,2
2.242151162,-1.476683383,2.396414936,3
17.41520151,2.500882118,2.940347424,4
8.747155633,2.349831577,-1.267132175,1
-4.723946758,-2.796246199,-1.549142421,3
4.36103124,-2.42364353,2.609347644,5
7.981015979,-1.299055537,2.910523868,4
9.965117447,0.213744339,0.988696874,4
9.714058326,1.678625769,-1.738002081,4
2.3939632,0.124274627,0.958077212,3
3.762155877,-1.028059735,-1.42869394,5
5.410304447,-0.531039088,-0.24758796,4
3.833929695,-1.738883401,1.447940409,4
-0.985928823,-2.028175839,0.987492643,3
12.59868129,1.955005979,1.512659014,1
1.044040093,-2.513945635,0.971368083,3
9.559195712,0.584359371,1.223944221,5
5.992630746,-1.390890666,2.202530694,4
1.146161569,-3.271194887,-1.062269176,5
9.465918089,1.629833569,0.971823657,2
14.15193849,3.43000487,-1.277611384,5
0.124747448,-2.004109667,0.851605591,3
-2.73588384,-3.392535783,-1.98003385,1
6.141154245,-0.07751192,-0.055159657,2
11.23639857,3.395424716,2.242615633,2
3.090470221,-2.045069043,-1.19703983,1
7.792369616,-0.21714834,0.401307602,1
13.16052492,2.681035383,0.129805251,1
1.640234684,-1.71521362,-1.969790985,4
5.746281687,-0.767714856,1.216127794,4
8.741917526,1.425995045,0.468475389,4
6.983128414,-0.062366582,-1.321371798,5
0.594963712,-3.072113855,2.320320735,3
-0.235144314,-1.771128866,-1.257842626,1
9.386731213,1.19829331,1.106214796,3
10.29251924,1.055321883,2.401652643,4
-3.140424636,-2.913559896,2.177618091,3
8.286516305,-0.944143065,1.846541407,1
2.822121515,-2.446576737,-0.00160866,5
-1.298211442,-2.99229703,0.239075146,3
0.347308247,-2.978963814,-1.644929586,1
10.96715347,3.393435367,-0.523300467,3
11.56727865,2.668829104,2.81279276,3
1.358117403,-1.184096144,-1.909638397,5
0.052021513,-3.591040043,0.379383164,5
-3.693072934,-4.184347319,-0.905850893,5
1.271419733,-3.105331293,1.187339377,2
4.962979389,-1.139565242,0.826972711,5
12.20837508,2.489774407,2.442748982,2
1.918611036,-3.150785579,-1.964891715,5
16.29476033,2.031392217,2.300698104,1
11.53521131,0.342732904,0.756264062,1
7.277231418,1.872365107,-0.504243847,2
6.101338102,-2.020133781,2.699578717,5
0.829786516,-1.737666895,0.302971933,3
7.60115504,0.346336447,-1.305563243,5
1.106325639,-0.273984786,-1.362256445,3
8.113885748,-1.024174962,0.119294596,1
9.899249036,0.064937796,2.553314854,2
2.123780839,-1.822194314,-0.579254429,5
8.749819806,0.046103412,2.729578155,5
16.53016468,2.398738072,1.028249424,1
4.266419828,-3.145346166,2.38656352,1
15.19172356,4.268576721,-1.039866576,5
5.786702326,-1.875276242,0.549806985,5
1.743496366,-1.592518889,-1.203750902,3
2.08096183,-2.748747103,1.467707963,4
1.524488273,-2.628086067,0.418176715,1
-4.94904906,-3.843310231,-1.72776975,4
10.58251714,1.650959975,0.397228036,5
6.815394048,-1.350407729,2.702824204,2
14.44094488,1.833291348,1.997852883,5
3.387138219,-2.099832331,0.555052192,1
3.896068457,-2.8126022,0.934070585,1
3.110521866,-2.57056026,1.581738749,4
14.32683035,2.869026399,0.715400968,1
12.18655265,2.323788267,2.908508704,3
8.581143523,2.368456308,1.359389938,3
3.869218375,-1.341837083,-0.186109662,1
12.41263865,1.724475404,-0.658363321,5
11.02844943,1.459809243,-0.890191971,1
8.41726477,0.359042643,0.570652238,5
5.517736423,1.712400658,-1.42217194,3
6.143510597,-0.765994633,1.6411583,5
5.634920089,-1.094076214,-1.241825758,1
2.586696914,-1.051080587,-1.949552384,5
6.892895496,-0.87786658,1.100961507,5
3.513020743,-1.416851524,-1.79660553,5
9.947423403,-0.756439068,2.090870699,1
0.951485626,-2.09850766,-1.71493554,2
14.59416688,2.589092238,2.248924089,4
0.830227063,-3.285692923,0.825454341,4
-4.865992337,-3.279801788,-0.343773155,3
-0.014298524,-2.248144208,1.405607914,3
6.415822009,-1.41595191,1.922340999,3
-2.098432082,-3.231062876,-0.603256388,2
-0.762705467,-3.315753573,-1.858574541,1
-2.759969147,-2.684660627,-1.636434916,2
4.531707695,-1.614775954,1.447901561,3
-1.314347168,-3.059715627,1.974398572,3
7.381327002,-1.931520037,2.290272164,1
10.92920048,2.068539127,0.957779516,3
9.309688653,0.931671118,-0.027388508,4
2.99799533,-2.67573539,2.893413319,4
7.376296813,0.742519126,-0.643188631,2
12.51901381,1.193552898,0.836187417,5
4.110445134,-2.179927101,-0.687198729,2
10.60848484,4.317527677,-1.920339275,3
9.284328016,1.319948859,1.080671199,2
0.104055646,-2.105891298,-1.216175104,2
1.128526995,-2.559240772,0.774097107,2
5.494115354,-1.71140296,2.240910413,4
0.225144729,-1.758087535,0.219560698,3
-0.884500224,-1.29542794,-1.511232028,4
11.44046197,2.281081964,0.217763176,2
7.079574179,-1.960264845,0.790936098,5
9.837666011,1.051003235,-0.00782046,5
17.45423401,3.569026037,1.152341354,5
2.833468224,-3.236552253,1.551788819,5
9.40654839,-0.4306991,0.286735123,1
7.914101564,0.569076179,-0.733379411,1
7.139288331,0.603364536,-1.2009307,2
-0.129963863,-0.88761012,-1.314314189,3
9.693331351,1.503527147,0.593859996,2
0.283028165,-2.9227063,-0.554598545,4
13.35164728,2.135210716,1.362179784,4
14.81067802,1.606362488,2.682604823,1
5.908937194,0.288879777,2.290304361,3
9.017885255,2.553810093,-1.715014969,4
0.192575962,-2.272779799,0.42626486,4
2.824384746,-0.96219553,0.595833843,2
1.547697599,-2.092078495,-0.902540002,2
-4.303281225,-2.882185417,-0.959631533,3
15.4159272,2.722749887,2.747101131,1
12.51716295,2.605859712,-1.123177426,5
12.36579457,1.93325398,0.326649893,4
10.45814152,0.375461336,1.777765398,2
2.296751425,-1.288373474,-0.792443832,2
2.060905918,-2.643248224,-0.224814541,2
11.86751677,1.114546883,2.818438843,4
0.523894989,-2.302519195,-0.980449041,4
11.6095431,1.370020992,1.860137945,4
15.98958921,3.666885978,0.831610553,5
12.51095848,0.766384115,1.581270122,5
3.910181148,-2.777038288,0.62097675,1
5.889992405,-0.961888691,0.370608693,5
-0.649225071,-3.395609718,-1.44123328,5
2.053545485,-2.739784425,-0.186486139,5
4.392938876,-1.734689663,0.895044588,1
7.065923296,-1.562976399,2.869672158,1
-1.874578289,-2.76587275,0.224972212,2
8.083477047,3.256911393,1.064009676,3
3.065094983,-2.152727657,1.922984855,4
4.052760218,-1.561722945,1.273133315,4
3.906819539,-2.4757893,1.776187509,4
1.492650037,-3.8420994,2.916842696,4
8.52223761,1.29569156,-0.732505521,1
-0.196648243,-3.015155884,2.792976314,3
16.91819725,3.720690166,2.557299664,5
8.35074826,-0.973392742,2.475658417,5
4.33697344,1.107647886,-0.760349079,3
15.06848513,3.754398661,1.915759008,4
2.573720681,-3.198685732,2.718308797,2
12.18244503,2.101139798,2.287615382,4
3.229616301,0.551794396,0.202022743,3
2.78600564,-1.74966098,1.776493062,4
1.612060891,-2.72281951,-1.228536682,1
7.534792721,-1.340542971,2.523096272,5
7.31687514,-0.512808228,-0.685036736,5
3.735199366,-3.247280507,-0.325334477,1
10.78615342,1.847277545,2.458658133,2
-2.297563856,-3.247374049,-0.116353974,3
9.559149588,1.155306861,-1.408124018,5
3.15542264,-2.287355832,2.123444348,3
4.356083332,-0.834817566,-1.573412202,2
-1.595181111,-3.520873774,1.001327912,2
0.321472571,-2.309393546,1.627946639,3
-1.665974789,-3.754321089,-1.479355825,1
0.604053311,-3.010696909,0.150711711,4
-0.2570426,-1.587641851,0.786645327,3
-2.094099863,-2.667319748,1.658617409,3
0.009804837,-3.77236468,1.95768179,3
2.494506033,-1.275047745,0.099119754,4
2.996370134,-0.593916924,-0.418965623,3
4.181615173,-1.465559925,2.638162496,2
10.86724636,3.242693334,-1.495456095,4
0.737878391,-0.853113173,-1.704638299,4
2.319029459,-0.937576036,-1.599662441,4
3.764249522,0.437498902,2.55769726,3
5.204657515,-1.350568859,-0.840150135,5
2.649676438,0.57427164,-1.78298155,3
1.803813423,-3.472680499,1.385777011,1
16.9494384,3.109424135,1.762514445,1
3.288692594,-2.320158557,1.636632523,2
11.56825211,1.922984129,2.832906658,2
11.50097815,2.518688106,1.545112722,2
12.15588607,0.464428809,1.937651513,5
13.49073623,2.736298949,-1.812135586,5
10.58399232,2.636607387,-0.064475736,2
0.468166808,-2.86057547,-1.939097092,1
7.577798575,0.949851761,-1.859567865,1
2.851174696,0.097732012,0.529925879,3
-1.820771793,-2.216587372,-1.019546648,3
19.36549949,3.685387451,1.343378265,5
0.666399119,-3.341637813,-1.940144542,1
-1.6674019,-2.869632246,-0.740216354,4
16.91770776,3.585331315,0.268930079,1
2.527737078,-1.063568635,2.857778208,3
3.939185007,-3.063458332,2.729369675,2
-3.409883649,-3.347151507,-0.699988868,3
9.512281561,1.590417101,-1.210631793,1
11.45642335,1.232233313,2.211955367,4
12.37781341,1.021373805,0.209559181,5
12.00963077,2.263024329,0.772128206,4
-3.96869255,-2.724601345,-1.96774496,2
9.516884612,1.452440843,1.637486896,4
3.347117019,-2.294653342,0.166727115,5
1.983257009,-2.281764277,-1.083235818,5
8.194764473,2.21847706,-1.35626396,3
14.61839113,3.10684633,2.341227821,4
2.977991566,-2.097566148,-0.896212999,5
-2.303764051,-2.910823653,-1.907961028,5
5.856922706,-1.774369575,2.327519957,5
2.766246626,-1.588019587,2.632424185,3
14.6864393,2.531455996,1.754755137,5
8.679259425,0.017271867,2.161441919,4
5.514614147,-1.849173767,1.761858018,5
2.978880432,-0.694148824,-1.777736792,5
2.8162505,-1.54608835,-1.571689363,2
4.215083844,-3.735566109,2.958747864,5
7.281851845,-1.644770868,0.855575943,5
14.69783097,2.696225439,2.152047178,4
7.929445677,0.480314075,1.561903222,4
2.576613597,-3.301764661,1.969038329,1
8.791762517,2.169814749,-0.73254344,4
13.76264209,4.002617715,-0.044287661,4
0.1607763,-1.819817494,0.879556164,3
15.64510929,3.404190851,1.562916536,5
7.86809123,1.31247664,-1.02279546,5
10.74504675,-0.394521079,2.348583015,4
5.600615894,-0.270892054,1.82687268,2
3.198492455,-2.308709805,1.682685792,4
4.893846423,-2.755175942,2.621746606,5
7.259489415,-1.169441708,1.560951244,1
4.761157963,-1.712632556,0.157579153,5
13.63400573,2.166678293,-0.796153816,5
8.398075098,-0.358441216,2.189526481,5
10.98860095,1.583131138,1.671754368,5
-2.363447822,-2.813372677,-1.525432475,5
6.920751427,-0.862025167,-0.443045298,5
7.392230503,2.24884206,0.229115061,3
13.89176301,1.711807416,2.84920634,4
6.778088264,2.89872033,-1.707071673,3
8.430545137,0.541873171,1.061728723,4
11.03762414,1.866422906,-0.225085957,1
9.038546238,-1.52633987,2.501632574,5
-3.940110805,-3.091187622,-0.639255527,3
6.832095435,-2.647203322,2.384644111,1
9.513595963,2.012401375,-0.375256169,4
15.78846505,3.321333203,1.684674653,1
18.64512633,4.923544103,2.547098252,2
15.0084042,1.278294928,2.721522086,5
4.214134453,-2.479427525,-0.915673618,5
3.395554137,-0.424240431,-1.180767881,2
4.228415504,-2.41823911,2.556963167,2
2.27668102,-2.511369294,1.931713509,2
15.8514403,3.711867297,2.518261494,2
4.202349491,0.914242232,-0.302002831,3
11.0377616,2.226675218,1.419695136,2
1.260666635,-1.251910291,-0.533004504,4
4.414364941,-2.324189014,2.924597568,2
10.16186407,1.748115223,-1.862544587,1
11.0106112,1.649444181,0.295492139,3
-1.006637978,-3.30786026,-0.812088129,4
-0.835654294,-3.496591524,-1.104737762,2
10.56229744,2.1201806,-0.176368638,1
8.901458838,1.01852623,1.874721101,4
1.651412745,-3.336927266,1.026301343,1
13.81047647,1.912063757,2.122872647,4
1.016380133,-0.980102445,-1.664714588,4
15.26578245,2.273390486,2.589821363,1
4.947658877,0.278714802,-1.698618987,2
6.565324593,1.88700235,1.708099134,3
14.98395599,4.235177726,0.494707018,2
0.558672045,-2.062410976,0.04642029,4
8.491255852,2.564420825,1.25345814,3
5.887291775,-1.842200477,2.860395137,4
0.90821939,-2.502043473,1.947574805,3
11.43514071,0.958026966,1.077476978,5
3.097661497,-2.310817725,0.293011138,2
4.814386518,-1.379782807,-1.443812602,1
2.203453903,-2.040128152,1.294792311,4
7.907804896,1.926582531,-1.826390868,4
2.14568761,-2.622272912,-0.389791101,5
9.270810562,2.208598276,-0.143694689,4
-0.792736208,-2.501212187,-1.878912896,4
10.19135224,1.265658307,1.174078346,1
12.30170631,1.629555851,1.919533528,2
16.75819933,2.108749527,2.594445085,5
-2.855392516,-3.807170018,2.923198776,3
5.227891447,-1.289021147,-1.49454825,1
8.560018562,-1.102326639,2.285736467,1
3.767317746,1.815604168,-0.596558787,3
0.761298645,-2.962733294,0.546670563,4
9.92182066,0.476056615,2.640169006,1
6.421399081,1.250084289,-1.173301545,4
14.98662205,1.526759655,2.537474246,1
11.59367182,1.664723916,1.36290953,4
3.531896911,-1.62376916,-1.824082172,5
-0.366465245,-3.393426658,2.896650274,2
1.225138262,-2.99922347,0.79654098,2
3.908770249,-2.917620657,0.35470147,1
7.967840738,2.5813062,0.498152294,3
0.712970968,-1.895090889,-0.752760735,5
4.271655236,1.895560452,-1.60313792,3
1.280306289,-3.243168602,2.128527873,3
1.2714821,-0.588578392,-1.752893711,4
1.88561144,-5.243181015,1.822759201,1
-2.973261266,-4.071734251,1.615357046,3
5.41433026,-0.642313456,1.373444851,2
11.05193981,2.167611732,0.400663442,5
6.714795808,-1.791248349,2.315987655,5
6.849844047,0.068289655,-1.682476181,1
4.706606837,-1.889250143,-0.812583069,1
4.79795282,-2.838830396,0.02914609,1
2.502472214,-3.537999988,0.170165264,5
3.157533417,-3.129950941,0.680324134,5
0.85311102,-2.815144427,1.621443593,2
15.78448828,2.417811845,1.860968621,5
1.22156376,-2.666754475,0.672482599,4
9.567606963,1.365619181,-1.984517428,1
10.75949435,2.170605053,1.28091576,3
12.26772783,2.507767546,-1.209575767,5
4.941116748,-0.832059851,0.285597578,4
-1.472724227,-1.924029845,2.2731315,3
7.968743886,-2.956774641,1.175541614,1
-2.899722399,-2.710536505,-0.162843062,4
5.837264172,-2.69174533,2.182203125,5
4.498717686,-1.746688017,1.720314956,4
11.99489527,3.489232777,-1.781887038,4
13.39781621,1.430527415,2.948159658,4
13.58786185,2.045653858,0.709777661,4
0.265957132,-2.615627929,-0.352032786,2
0.100670507,-3.035863789,1.035532,2
3.095613088,0.698185989,-0.618514152,3
7.708190469,1.591932134,0.637847911,3
4.137492402,-2.051943448,-1.870021379,5
0.98582171,-1.409882918,1.624508594,3
-0.270886722,-2.429964912,-0.896788114,2
8.026987426,2.044835519,1.379836016,3
-0.195045985,-3.491356444,-1.052119276,5
7.38143823,-0.944646429,2.162990806,1
-1.766280432,-2.756165819,-1.755730239,2
0.432887161,-2.909056459,-0.998036348,5
16.06395043,2.260315198,2.625665181,5
3.75715737,-0.26091804,-0.956613152,4
5.744602647,1.657526141,-1.469840305,2
-2.40170385,-4.560262669,0.067518939,5
3.056833279,-3.552855526,2.865415741,4
-3.093374747,-1.715147243,-1.174852214,3
8.080009761,1.872640825,-1.589099297,1
5.915261016,1.856408657,-0.278455513,3
4.238397084,1.771641015,-1.708446012,3
8.787928931,1.32262287,-0.793865074,5
8.964672106,-0.169586898,1.127208914,1
2.426110463,-2.657149282,-0.986541755,5
3.87264619,-2.080567689,-0.16857635,1
9.429639088,1.438447921,1.628297852,2
11.63122601,2.789966587,-1.91929277,2
3.731776735,0.693661113,0.510787825,3
13.3159534,2.053015298,1.048113649,4
3.791318348,-1.741604154,-0.005235731,4
6.182622437,-0.728021702,-0.355371641,4
6.307903886,3.441097267,-0.989072274,3
-0.048375161,-1.777797265,-0.714740591,2
0.466917024,-2.000389474,-1.398449326,2
8.806806507,1.801785597,0.540890604,2
3.947888663,-1.526641605,1.810604599,2
14.79199986,3.06631004,1.475723878,1
2.012555855,-2.844289065,1.307039259,2
7.342599448,0.30257698,1.291379162,4
4.994873246,0.520337135,-1.476688994,4
8.615417337,-1.744441408,1.635122259,5
-2.521992012,-1.834820711,-1.018622587,3
-0.570199304,-3.492493485,0.803229132,2
15.33721656,2.773780798,2.280101035,1
12.86591706,3.226281013,0.141488997,2
2.723776331,-1.776680887,0.064909238,3
5.353019497,2.579547739,-1.212159357,3
12.47206451,-0.352871506,2.170501925,1
3.035951512,-0.250042267,-1.975352023,4
-1.025152937,-2.800942723,1.885690917,2
-0.630536535,-2.526910066,-1.237229716,5
7.775965973,0.514541597,-1.241109041,5
14.06026806,2.298767626,2.633603203,5
7.032081263,-0.557196176,1.842592705,4
2.096582681,-2.133626559,0.950747519,1
9.797948389,1.312967199,0.068713789,2
0.528038172,-2.187252331,-1.096785831,4
1.281603543,-3.095360108,2.199979912,2
-2.057116175,-3.177618931,-1.580992571,5
8.276278985,1.198342369,-1.47357277,5
12.00810008,1.592031253,1.234315902,5
12.71778023,1.395613204,1.717005359,1
-2.677795137,-3.079661248,1.210054728,3
7.968897306,0.591277338,1.408630285,4
14.67607426,4.052163827,0.920156113,2
0.73598271,-2.400933359,-1.808125451,4
8.395283792,0.656958664,1.081568881,3
8.882627909,-2.462191585,2.367887363,5
10.09850217,2.744442249,-1.199110242,2
14.34348881,2.265282427,1.821221623,1
6.466988347,1.005716466,-1.941833959,1
2.849074824,-0.476313305,2.370517171,3
1.759864774,-3.902126688,2.951629086,5
10.37635897,2.645899011,1.495721977,2
6.515219464,1.897143584,-0.528155909,3
7.245372583,-1.657329872,-0.202607594,5
2.284829591,-2.629324894,-1.058819108,1
3.362182559,-0.755403479,1.464786563,3
-3.234705643,-2.37110319,-0.338764567,3
2.372982048,-2.017906035,-1.102794052,1
14.35455915,2.173981073,-0.686584395,5
17.43523027,3.838190256,2.892937315,1
-1.422190735,-1.935793183,-0.408825194,3
11.98806164,2.691987286,0.362888817,5
12.09766853,2.466682432,1.76087604,4
10.46174297,2.928208355,-0.786152492,4
7.749553942,0.595481133,2.036070352,2
1.014243407,-2.192045927,-1.236584724,4
12.00976476,2.194023188,-0.238215791,2
2.591871086,1.256050935,-0.55340083,3
10.00460703,2.141163244,-1.803976205,5
-1.821257944,-1.675339913,-0.965211794,3
7.710721526,2.191122224,-1.69159856,2
10.30825372,0.556164994,0.408844648,5
4.582977805,-1.66373741,0.457695056,2
4.740603274,-2.721471186,2.040034151,1
-5.305699822,-4.696001437,-1.425387286,2
14.46392843,2.713313603,-0.315621462,5
5.038881823,0.144544724,-1.059769686,2
8.268030437,-0.883264835,1.203033753,2
9.909540561,1.34936136,0.118708214,5
4.482202511,-1.714866486,1.361920255,4
-1.30524136,-2.100471968,-0.850786515,3
13.0848206,2.709281742,-0.253613121,5
12.89231619,3.279847003,0.471725616,2
15.84164748,2.189839682,2.905543217,5
11.59457706,3.18181887,-1.83380465,5
14.63459997,3.895749162,-1.732662543,5
-0.807285444,-1.527783999,-1.425231384,3
-1.341919664,-2.084324246,-1.528777043,4
4.080080242,-2.607975181,1.166576591,1
7.432270429,0.106126859,-0.389923169,4
5.853106714,-0.034635745,0.579359188,1
-0.97635147,-1.97392799,-1.543994431,4
13.30040946,1.671306167,2.21651452,5
6.457560725,-1.541780784,1.405041972,2
2.950342932,-2.07553762,0.222274352,1
5.62292197,0.355312835,0.083791195,4
1.131999501,-2.384111594,-1.87318181,1
-2.301297086,-1.602087365,0.779659886,3
9.333532016,1.603357885,-0.6800285,4
-3.682398976,-4.543117552,-1.635203206,2
6.535889624,-0.693966776,1.000403318,2
3.053720837,-1.786191341,-1.408231105,1
-1.838212497,-3.55430502,1.113355167,3
-1.179830201,-2.108760737,-0.172210752,3
4.199307153,2.454850465,-1.62422921,3
5.030483006,-2.142421232,0.94309524,1
11.51472254,2.018029336,1.574385643,2
1.160027665,-2.177935282,-0.791618188,2
6.190797502,-2.398696727,2.745713535,5
5.246939827,-1.436620026,-1.014116609,2
0.132220646,-2.259394656,1.902707874,3
7.281318899,2.098298773,-0.574896408,3
8.792292502,-1.434208589,1.576444718,1
5.413038701,-2.852692176,2.519831983,5
6.527080742,0.025814159,-0.533177385,5
11.7592497,3.23008235,1.516834107,3
1.324892565,-2.274448259,-1.311457203,5
7.715741583,2.775856766,-1.727484137,4
9.243736482,2.307562184,1.039352598,4
11.90311439,2.75459635,-1.327107068,5
-2.781181603,-2.983164132,-1.27235614,2
13.66502283,5.576618466,-0.873279156,3
4.585848599,-2.622011451,-0.729772798,5
10.78934661,3.334183868,-0.450664603,3
0.421799479,-1.971870837,1.459190491,3
4.077116422,-2.356287581,0.969296139,1
-0.167525277,-2.02619828,2.328545526,3
1.779025276,-2.183400551,-1.215955349,4
14.30521999,3.112865339,-0.737843784,2
-2.010417934,-2.434615611,-0.253288766,3
-1.642818727,-1.421039731,-1.50061308,3
6.253137251,1.510421155,1.982085325,3
10.44671252,2.182194621,-0.138843073,4
18.68167735,3.338798081,2.573479805,5
12.52086608,1.693522277,0.623707703,5
6.85702771,-2.06059349,1.261731267,1
14.74566506,3.028839082,1.180848616,1
9.36913903,1.591577853,-0.402954794,5
7.90052697,0.535455766,-1.889285954,1
12.87268781,1.967761257,1.865325403,2
6.61477786,-0.818295837,2.576192242,5
11.33177208,2.869185483,-0.080317512,2
17.57614159,4.182985245,1.939161083,1
17.40056773,2.363190624,0.963478448,1
8.853532402,0.478203737,-0.295708644,1
16.33098148,4.369136904,0.037425814,1
6.772862203,0.051082205,-1.002605196,4
-0.071593606,-3.425177521,-0.769100875,1
-2.051923982,-1.999307627,1.091553944,3
8.722311145,1.466933283,-1.550107126,1
-1.277959932,-3.332163479,1.490385473,3
10.40083061,2.614378997,-0.437483391,1
-1.260943781,-1.722957627,-1.73489478,3
7.533832944,-0.162771386,-0.238727438,4
3.339576214,-1.53196774,2.709944041,3
12.42205381,0.684936242,2.31238119,1
6.682184092,-0.688296193,-0.899370754,1
4.359662617,-2.220762037,1.520412501,5
6.778898779,-1.550573363,2.715993297,4
3.95925222,-0.7765451,-0.587410648,2
12.05300552,2.244086693,0.555043956,2
-0.841544603,-2.134820958,-0.248704303,3
14.00355162,1.885752975,2.730121088,1
2.32081754,-1.275748311,-1.385137259,4
0.400438663,-2.46059788,-1.342628034,2
9.542634877,-0.167963672,0.227110973,1
4.09851536,0.859199481,-1.357829237,2
2.539000517,-2.450026191,1.365108127,2
3.774485687,-3.489107897,1.007629295,5
19.19158291,3.839224144,1.94675745,1
8.585248879,0.476115337,0.981527488,4
8.634029071,0.529588881,-1.587607528,5
11.21929048,1.168044053,1.618700282,1
13.03074559,3.114310654,0.273563596,1
5.742758528,1.428300761,2.273291542,3
11.79799001,2.292160369,-1.004167987,2
12.18452197,2.757017778,-0.804011275,5
2.492617321,-2.148649815,0.602430282,4
3.83415503,-2.587514858,0.16581876,2
-3.773648797,-3.17583417,0.201975626,3
0.332620662,-2.881290975,1.830726589,4
-3.306441921,-1.827164811,-0.995378487,3
1.04702018,-0.415221095,-0.73362729,3
5.02675876,-2.425166785,2.666585285,2
10.125791,1.683677694,1.589420216,2
6.32803436,1.739150838,-1.854044359,4
6.774390983,-2.811550383,2.337327797,5
7.640079718,-1.868758346,2.771513658,5
7.183648856,-2.792583549,1.886435373,5
-0.433010373,-1.969945563,1.752664877,3
0.211651614,-2.787967844,0.643578302,1
2.269880044,-2.493605119,1.656558865,4
13.21918518,3.205325664,1.136581224,4
4.986008468,-1.847070891,0.231903723,5
6.341722306,-1.353507892,2.906246341,2
7.263779403,-3.05645865,1.938680518,5
8.256144299,0.912970632,-0.19906523,3
7.103759972,-1.834513834,2.509139814,5
6.428951128,1.873872771,-0.539831309,2
4.733312799,-2.294003663,2.877192626,1
14.31400327,2.770239444,1.947021335,2
1.905446033,-2.218276782,-1.940331519,4
12.57538667,2.065953546,1.040794773,2
4.421107237,-2.02874288,2.324481462,4
2.238210011,-2.019478222,0.954426327,2
8.268955571,0.702894296,0.105591244,2
0.425285529,-1.598574592,1.577022619,3
11.09536745,2.674933094,-0.756630576,4
0.477468669,-1.568683606,2.130972944,3
9.918656164,0.132407523,2.728223521,1
3.058090475,-0.482909521,-0.300927287,3
4.752722837,-2.025084005,1.950907207,2
5.759778916,-1.946640047,0.817978157,2
7.083918391,-0.440887591,1.748988232,2
-0.597758057,-3.303018979,-1.782238101,1
-0.964178303,-1.75733874,0.184906364,3
9.897726571,3.090849181,0.796626886,3
14.37722126,4.053592474,-1.568161416,2
-1.76892172,-3.71421623,2.122824126,3
14.19405462,3.033982933,0.696495882,1
0.854550114,-3.285191473,-1.805675142,1
3.458784019,-2.677479427,0.242585928,5
6.698086176,2.654509984,-0.308123806,3
5.482542446,-1.162990428,-1.010784371,5
8.104849554,-0.368909819,2.324913404,4
3.908036612,-1.426801896,-1.003832068,2
2.697560293,-1.368677769,-1.788909899,1
16.26137175,2.675605726,2.076879013,4
3.808410565,-2.884575996,1.781835216,5
10.00848649,2.375836517,-0.081795772,4
-3.256918149,-2.478035692,-1.146240492,3
9.972567679,1.907213303,-0.924318469,5
-0.370614527,-2.004051027,0.236889107,3
16.05855467,2.645719041,1.010439468,2
2.544806569,-2.46663326,-0.037542589,4
6.328244231,-0.771678334,1.249524992,5
13.83963971,3.284522112,1.959993118,4
7.732740569,2.118760116,-0.616734579,2
4.716959622,-2.530943497,1.427431072,1
2.844881992,-1.02025303,-1.627478,1
-1.423640495,-3.649737135,0.124368151,5
2.014971383,-4.041353596,2.742839746,5
3.576372894,-1.675517275,-0.935711299,1
5.708576246,-0.739545675,-1.459198295,2
-1.576143586,-3.436877848,2.004274637,2
22.34396705,4.935005592,2.662582934,1
10.8556131,1.543673361,-0.412964047,2
7.518091751,2.520955525,-0.918471758,3
-0.777208789,-4.686911576,0.444296668,1
-0.109143079,-3.682009248,2.551118127,4
2.129486637,-3.667323078,1.76214852,4
0.414533498,-2.248814931,0.573176341,3
1.868091372,-2.380339481,-1.880150121,1
5.452382798,-1.481876133,-0.441845267,2
3.057759738,1.65716262,-1.255836254,3
-1.324507654,-3.596468413,0.292499267,2
16.27500231,2.881605435,0.348137384,5
7.257621218,-2.057709552,2.652922594,1
7.768446402,1.507709184,2.530768369,3
4.017077292,-1.878480473,1.898177,1
6.608029771,2.004642119,0.528095494,3
1.453049732,-2.68508085,-0.542883632,1
7.304008996,3.471216356,0.763193848,3
-1.518766783,-3.990758039,2.359671889,4
6.232718527,1.754158082,-0.275621337,5
4.121804795,-1.175220576,-1.064161542,2
3.165307919,-1.714849121,-0.853066029,2
7.362326192,-0.158011211,-1.865258982,5
2.307385477,-1.818497278,0.43370696,2
14.46664697,1.528847774,1.469459661,5
4.414020178,-2.026601013,1.872914014,2
5.107273655,-2.025830325,1.148897112,1
2.774337316,-0.848298633,2.938306659,3
3.198511568,-2.700722465,2.017458084,2
8.363520423,-0.539219766,1.448353988,4
17.96402971,2.261174735,2.447322333,1
2.260233982,-0.430951248,-0.790085034,3
2.601705043,-2.684536742,1.519842637,4
8.045003515,2.328678521,-1.807031836,4
11.86479352,1.545049769,1.491440326,1
1.739383468,-1.220864189,0.029146061,3
7.231397125,-0.604856731,1.126637789,1
2.547017054,-1.250209509,-0.362761976,2
11.95479268,-0.049644348,2.591666283,1
-0.744408846,-1.911052462,0.144327207,3
12.450776,1.878977591,0.693655266,5
1.198500829,-1.638199949,-1.46596134,4
5.499735368,1.224270406,1.431241568,3
11.66449781,2.010092688,2.52578855,4
5.509732311,1.225192486,-1.646098096,3
7.39739891,-1.145508641,-1.620992503,5
0.782178934,-2.660086989,1.478824564,2
-0.769590934,-3.058539905,1.377935778,4
8.653366985,1.604170096,2.334477083,3
0.701837511,-2.025634955,-1.078385081,4
2.142490898,-1.908175213,2.689141026,3
3.065537047,0.18594088,-1.579797956,4
6.803810211,1.055822027,-1.419123528,1
1.493785374,-1.204505493,0.386574694,2
1.197272857,-2.255636536,2.0706268,4
9.850509788,1.910335451,0.351277991,2
15.20982311,2.003486949,2.112533025,1
7.556662396,1.090374286,-1.722795774,1
10.251784,2.719547429,1.575906113,3
10.53970947,2.834021407,-1.117219301,4
4.261366481,-2.029851091,1.433142236,2
12.32133801,0.646915265,2.211149265,5
16.26011778,3.055787953,1.33598117,1
4.526562723,-2.021328378,2.026618217,4
10.18511054,-0.227769432,2.84392124,1
5.480888374,-2.031660046,2.003325998,2
-0.02794523,-2.02479716,1.173248249,3
-1.645194856,-1.744077818,-0.828758945,3
0.501808303,-3.101141406,1.352004869,1
8.803500961,-0.969587703,2.785386821,2
2.816331571,-1.641485226,-0.70684404,4
8.363586337,2.062583614,0.961256175,3
8.422655775,-1.447494048,0.88267436,5
4.475714907,-2.02234224,2.822283667,4
-7.837180412,-3.541536089,-1.174316532,3
8.121339595,1.510310963,-0.658251903,2
-0.678564871,-1.721150499,-0.112961559,2
12.01639718,2.579865483,0.041880423,2
3.868599631,-3.298353889,1.252531321,5
6.383103011,-0.634635736,-0.23403507,5
10.09657652,2.011981929,-1.219462125,4
5.082409977,-2.596344485,2.700440124,1
0.985363877,-0.22861705,-1.738100478,3
0.983811319,-0.729973033,-0.657926904,3
11.4633811,1.950012853,1.831351502,4
2.452671473,-2.000523048,-1.61005526,4
11.25474917,0.283822896,1.913615949,5
-2.192468564,-3.308349043,-1.437391481,4
2.165481022,-2.043780997,0.878125324,3
3.275645177,-1.893899429,1.478211175,2
3.19399715,-3.098707913,1.273363297,5
16.92807785,2.682952989,2.92000819,1
5.669970129,-2.272695543,2.30507218,5
5.240767253,-1.467490977,0.414376347,4
0.099366909,-2.486151115,2.229770156,3
1.635046684,-2.029786375,1.754440937,3
6.667232727,-1.586806782,2.989088409,4
13.99351674,1.417245187,2.959547898,4
9.144793719,1.428858879,-1.856453112,1
-1.906763278,-2.454027711,0.051446115,3
5.579095828,-2.474327947,1.142418077,1
2.548363992,-0.689015347,-0.282193714,3
-1.28727114,-2.252287163,-0.871966152,4
5.416152468,-1.685055412,-0.13667613,5
5.374438147,-1.310747803,1.04770714,4
12.78099774,2.329658094,-1.178698835,5
-0.520728743,-2.162131709,0.85953313,2
3.872693519,-2.669067184,0.452025895,5
4.419257246,-3.253657155,2.053312695,5
4.833656529,-2.377582729,0.084880612,4
6.919641371,2.569572117,-0.431654907,3
0.44155059,-3.03662961,0.079204542,1
13.66643268,3.123936294,1.031923078,1
7.616058254,-0.849504531,0.790490198,1
-1.014987216,-2.817396414,0.813182082,3
5.646270911,-1.134550381,1.435413612,1
8.970926959,-0.02005507,1.179015813,1
8.908696506,0.823714676,-0.285273209,1
2.780042784,-3.131300828,-0.543338667,1
-0.899643233,-4.279513173,-0.721660194,1
13.58608291,1.931162467,0.79437996,2
12.95650867,2.95182078,2.70973921,5
-0.401254413,-2.330479106,1.783012843,3
10.6524207,1.378088517,1.790360589,4
10.81297223,-0.329690302,2.573817418,1
3.892600697,-1.004730802,-0.066717854,4
4.057577556,-1.546750825,0.870794424,2
4.180127676,-0.901870443,-1.647557965,2
0.751812785,-3.590932579,1.622859736,2
-6.223421134,-4.170086708,-0.937370973,4
7.710924327,-1.667860741,2.268077175,5
1.71946133,-1.77529725,0.660744323,3
14.20557127,2.60720109,-1.546971039,1
13.18287491,2.755597104,1.952224235,4
3.332659023,-2.042645858,-0.905447482,1
6.937191644,-1.472000666,-1.07616597,1
4.514020509,-1.222311709,2.408963952,3
2.591896105,-1.011139538,0.158660169,4
4.984177192,-0.638146219,-0.527405455,1
12.0837808,2.404748787,-0.578391405,1
5.071644323,-0.535919595,-1.73585534,5
3.369424993,-1.375822301,0.460626817,5
4.209713008,-0.968545595,-0.789433609,4
2.679015375,-2.289792262,1.632087292,1
10.93197211,1.805447284,2.611029836,2
5.479108815,-0.59708508,-1.385043571,2
7.875314921,2.08134257,1.839924634,3
-0.825340336,-2.55131475,2.593609088,3
14.68472881,1.902920163,2.847929786,5
7.195108265,1.551167016,2.780136254,3
5.886537726,-0.976434053,1.387820377,4
8.178102,0.875109326,-1.442628111,2
1.788927868,-2.41718377,-0.757245678,1
14.35532745,3.253780966,0.999078056,1
1.994263956,-1.270973364,0.262019375,3
9.838870018,2.501208388,-1.854814792,4
13.41837699,2.091870698,0.97613443,4
13.75031107,2.601148495,1.202212265,2
8.590042376,2.320936486,1.067825435,3
14.0286002,3.866603043,0.402231632,4
7.789589241,-0.06400931,2.573376639,2
6.019997191,-0.777064004,1.958290465,1
10.19041837,1.300748082,0.304309851,2
12.58392777,1.699858112,1.758852383,1
12.48695661,2.38677678,2.194747575,4
4.814622693,-2.743026061,-0.420343635,1
0.396939031,-2.964506293,1.810543615,2
11.54614084,2.656786799,-0.777197263,1
12.07236002,3.009415816,0.71158445,2
-1.260151713,-1.54412025,-0.331137368,2
0.569544083,-1.368379041,1.329718425,3
16.35558194,3.981379003,2.135292022,1
15.53899331,4.39853493,0.395968162,4
4.329702913,-1.071573713,-1.720404628,2
2.655278344,-1.7650161,2.741927075,3
-3.99517198,-3.725998095,-1.244493274,4
-2.129686534,-1.817432884,-0.92383024,3
-3.591889844,-2.852228293,-1.926592157,3
6.311485224,-0.8244477,0.299660369,1
10.39075336,1.743406583,1.278345268,2
0.168085912,-3.167853845,-1.176355029,2
10.91639635,1.667491742,-0.146326569,5
8.677913771,0.606169729,-0.283151318,5
6.484935111,-1.515128875,2.175258868,5
-1.613765311,-2.439741099,-1.072835416,2
-0.44263772,-3.301630647,-0.607940135,4
10.0445813,3.599336148,1.323655043,3
5.337206883,-1.489924506,0.911124283,1
6.236680346,1.116379535,-1.69057943,4
2.993139952,-1.958521156,-0.003069749,4
15.35143412,2.382597907,1.551845183,5
4.29321525,-1.651705489,1.107814597,5
3.851743218,-1.415880099,1.183854725,1
1.735580651,-2.591298056,0.214396344,2
4.784971402,1.510707553,-1.35636882,3
5.720136835,-2.823274595,0.642797995,5
12.18047033,1.610043141,0.843136676,5
12.71986848,2.817412031,-1.558192504,5
0.578446037,-2.694559808,1.840718494,4
15.37922098,2.625648953,2.906496139,5
13.4171472,2.046391491,0.957933508,1
2.178629286,-2.365329778,-0.061146688,1
11.37149068,1.399875573,0.822234449,4
1.482553947,-2.369617251,-0.509003785,4
-0.639175908,-2.783585165,-1.593338134,4
15.25843178,4.940614712,0.979853605,4
1.895477201,-0.300433852,-0.723910641,3
-3.950228259,-2.790551074,0.730693128,3
9.794213774,2.224687714,1.86450719,3
7.533212044,-0.182477888,-0.178665861,5
6.908033498,1.641585973,-1.328069922,2
10.33782057,3.418229819,1.601475615,3
13.44997701,1.82436595,-0.248864495,1
0.128214018,-0.760439289,0.293481635,3
16.8187024,1.933088997,2.970906582,1
-0.176395012,-1.767933353,1.825171776,3
8.053331651,-1.216730515,1.824635455,2
-0.788311957,-1.107396977,1.510095399,3
9.205758284,2.806484449,-0.042721694,4
2.896898945,-1.191913359,-0.163800878,1
11.11341499,1.906554287,2.446092317,1
13.77129091,2.032714426,2.064602881,3
13.61224887,2.108088682,0.720749355,1
6.02139153,-1.509229496,1.519499387,1
4.377908012,-0.316878853,-1.203051404,1
8.456841567,2.2004465,-0.601201355,4
6.098274398,1.635119234,-0.690435627,2
1.227962998,-2.737493147,-0.251395636,1
8.257881928,-1.312528314,2.825408126,1
5.892739572,-1.057996634,1.555561027,5
8.284871926,-1.57319225,2.231502783,1
7.038101454,2.208589139,-1.202426171,4
-2.517804087,-2.028858291,-0.927113203,3
14.04841111,2.417124717,1.690542349,4
11.27471609,0.956151491,2.690084574,4
12.40936223,2.378118352,0.685488696,4
5.718038387,-1.729345955,2.690992959,1
5.229337698,-1.526909363,-0.037456002,2
9.98594565,1.760017854,0.223813512,2
15.61736316,2.941596495,1.559222276,4
-2.405834822,-2.99431354,-1.700390652,5
6.408168945,-0.579199459,1.445814952,5
5.273200259,-1.117920777,0.107238487,1
1.654437222,-2.284541174,1.443119621,2
3.634695268,-2.348630132,2.918762099,2
